ASUS Cerberus Arctic Gaming Mouse White,R599 Including VAT,https://www.evetech.co.za/asus-cerberus-arctic-gaming-mouse-white/best-deal/3429.aspx
ASUS Cerberus Fortus Optical Gaming Mouse,R799 Including VAT,https://www.evetech.co.za/asus-cerberus-fortus-optical-gaming-mouse/best-deal/4014.aspx
ASUS Cerberus Optical Gaming Mouse,R499 Including VAT,https://www.evetech.co.za/asus-cerberus-ambidextrous-optical-gaming-mouse/best-deal/6840.aspx
ASUS P504 ROG Gladius II Origin Gaming Mouse,"R1,599 Including VAT",https://www.evetech.co.za/asus-p504-rog-gladius-ii-origin-gaming-mouse/best-deal/7676.aspx
ASUS ROG Chakram RGB Wireless Gaming Mouse,"R2,899 Including VAT",https://www.evetech.co.za/asus-rog-chakram-rgb-wireless-gaming-mouse/best-deal/8195.aspx
ASUS ROG Gladius II Core Optical Gaming Mouse,R899 Including VAT,https://www.evetech.co.za/asus-rog-gladius-ii-core-optical-gaming-mouse/best-deal/7377.aspx
ASUS ROG Pugio RGB Gaming Mouse,"R1,399 Including VAT",https://www.evetech.co.za/asus-rog-pugio-rgb-gaming-mouse/best-deal/3456.aspx
ASUS ROG Spatha Wireless Gaming Mouse,"R2,499 Including VAT",https://www.evetech.co.za/asus-rog-spatha-wireless-gaming-mouse/best-deal/3426.aspx
ASUS ROG Strix Carry Wireless Gaming Mouse,"R1,799 Including VAT",https://www.evetech.co.za/asus-rog-strix-carry-wireless-gaming-mouse/best-deal/7375.aspx
ASUS ROG Strix Impact Gaming Mouse,R999 Including VAT,https://www.evetech.co.za/asus-rog-strix-impact-gaming-mouse/best-deal/3427.aspx
ASUS ROG Strix Impact II Gaming Mouse,"R1,099 Including VAT",https://www.evetech.co.za/asus-rog-strix-impact-ii-gaming-mouse/best-deal/8563.aspx
ASUS TUF M3 RGB Optical Gaming Mouse,R399 Including VAT,https://www.evetech.co.za/asus-tuf-m3-rgb-optical-gaming-mouse/best-deal/7378.aspx
ASUS TUF M5 Gaming Mouse,R699 Including VAT,https://www.evetech.co.za/asus-tuf-m5-gaming-mouse/best-deal/4963.aspx
Alienware AW958 Elite Gaming Mouse,"R1,299 Including VAT",https://www.evetech.co.za/alienware-aw958-elite-gaming-mouse/best-deal/8490.aspx
Asus ROG Gladius II Origin PNK LTD Gaming Mouse,"R1,499 Including VAT",https://www.evetech.co.za/asus-rog-gladius-ii-origin-pnk-ltd-gaming-mouse/best-deal/6509.aspx
Asus Rog Gladius II Wireless Gaming Mouse,"R1,959 Including VAT",https://www.evetech.co.za/asus-rog-gladius-ii-wireless-gaming-mouse/best-deal/4263.aspx
Asus STRIX CLAW Gaming Mouse,R899 Including VAT,https://www.evetech.co.za/PC-Hardware/asus-strix-claw-gaming-mouse-1413.aspx
Cooler Master CM110 Gaming Mouse,R499 Including VAT,https://www.evetech.co.za/cooler-master-cm110-gaming-mouse/best-deal/8415.aspx
Cooler Master MM710 Gaming Mouse - Matte Black,R699 Including VAT,https://www.evetech.co.za/cooler-master-mm710-gaming-mouse-matte-black/best-deal/8437.aspx
CoolerMaster MM711 RGB Gaming Mouse - Matte Black,R999 Including VAT,https://www.evetech.co.za/coolermaster-mm711-rgb-gaming-mouse-matte-black/best-deal/8174.aspx
CoolerMaster MM830 Gaming Mouse,"R1,399 Including VAT",https://www.evetech.co.za/coolermaster-mm830-gaming-mouse/best-deal/5501.aspx
CoolerMaster MP750 Soft RGB MousePad - X-Large,R699 Including VAT,https://www.evetech.co.za/coolermaster-mp750-soft-rgb-mousepad-x-large/best-deal/5823.aspx
Corsair DARK CORE RGB PRO SE Wireless Gaming Mouse,"R2,199 Including VAT",https://www.evetech.co.za/corsair-dark-core-rgb-pro-se-wireless-gaming-mouse/best-deal/8484.aspx
Corsair DARK CORE RGB PRO Wireless Gaming Mouse,"R1,999 Including VAT",https://www.evetech.co.za/corsair-dark-core-rgb-pro-wireless-gaming-mouse/best-deal/8483.aspx
Corsair DARK CORE RGB SE Wired/Wireless Gaming Mouse Black,"R2,199 Including VAT",https://www.evetech.co.za/corsair-dark-core-rgb-se-wireless-gaming-mouse/best-deal/3556.aspx
Corsair DARK CORE RGB Wired/Wireless Gaming Mouse Black,"R1,999 Including VAT",https://www.evetech.co.za/corsair-dark-core-rgb-wireless-gaming-mouse/best-deal/3557.aspx
Corsair Glaive Pro RGB Gaming Mouse - Aluminum,"R1,599 Including VAT",https://www.evetech.co.za/corsair-glaive-rgb-pro-gaming-mouse-aluminum/best-deal/6515.aspx
Corsair Glaive Pro RGB Gaming Mouse - Black,"R1,599 Including VAT",https://www.evetech.co.za/corsair-glaive-rgb-pro-gaming-mouse-black/best-deal/6518.aspx
Corsair Harpoon RGB Wireless Gaming Mouse,"R1,049 Including VAT",https://www.evetech.co.za/corsair-harpoon-rgb-wireless-gaming-mouse/best-deal/5178.aspx
Corsair IRONCLAW RGB Gaming Mouse - Black,"R1,299 Including VAT",https://www.evetech.co.za/corsair-ironclaw-rgb-gaming-mouse-black/best-deal/5172.aspx
Corsair IRONCLAW RGB Wireless Gaming Mouse - Black,"R1,599 Including VAT",https://www.evetech.co.za/corsair-ironclaw-rgb-wireless-gaming-mouse-black/best-deal/7429.aspx
Corsair M55 PRO RGB Gaming Mouse,R749 Including VAT,https://www.evetech.co.za/corsair-m55-rgb-pro-gaming-mouse/best-deal/6519.aspx
Corsair M55 PRO RGB Gaming Mouse - White,R749 Including VAT,https://www.evetech.co.za/corsair-m55-rgb-pro-gaming-mouse-white/best-deal/6776.aspx
Corsair M65 RGB Elite Gaming Mouse - Black,"R1,299 Including VAT",https://www.evetech.co.za/corsair-m65-rgb-elite-gaming-mouse-black/best-deal/5170.aspx
Corsair M65 RGB Elite Gaming Mouse - White,"R1,299 Including VAT",https://www.evetech.co.za/corsair-m65-rgb-elite-gaming-mouse-white/best-deal/5171.aspx
Corsair NIGHTSWORD RGB Gaming Mouse - Black,"R1,599 Including VAT",https://www.evetech.co.za/corsair-nightsword-rgb-gaming-mouse-black/best-deal/6520.aspx
Corsair SCIMITAR ELITE Gaming Mouse,"R1,999 Including VAT",https://www.evetech.co.za/corsair-scimitar-elite-gaming-mouse/best-deal/7701.aspx
Cougar 700M EVO Optical Gaming Mouse,"R1,699 Including VAT",https://www.evetech.co.za/cougar-700m-evo-optical-gaming-mouse/best-deal/5254.aspx
Cougar Bunker RGB Mouse Bungee,R699 Including VAT,https://www.evetech.co.za/cougar-bunker-rgb-mouse-bungee/best-deal/5507.aspx
Cougar Minos X2 eSport Optical Gaming Mouse,R399 Including VAT,https://www.evetech.co.za/cougar-minos-x2-esport-optical-gaming-mouse/best-deal/3709.aspx
Cougar Minos X3 Optical Gaming Mouse,R499 Including VAT,https://www.evetech.co.za/cougar-minos-x3-optical-gaming-mouse/best-deal/3204.aspx
Cougar Minos X5 Optical Gaming Mouse,R899 Including VAT,https://www.evetech.co.za/cougar-minos-x5-optical-gaming-mouse/best-deal/4975.aspx
Cougar Minos XT Optical Gaming Mouse,R599 Including VAT,https://www.evetech.co.za/cougar-minos-xt-optical-gaming-mouse/best-deal/7783.aspx
Cougar Revenger ST Gaming Mouse,R899 Including VAT,https://www.evetech.co.za/cougar-revenger-st-gaming-mouse/best-deal/7784.aspx
Endgame Gear XM1 Gaming Mouse - Black,R899 Including VAT,https://www.evetech.co.za/endgame-gear-xm1-gaming-mouse-black/best-deal/8320.aspx
Gamdias Hades M1 Wireless Gaming Mouse,R699 Including VAT,https://www.evetech.co.za/gamdias-hades-m1-wireless-gaming-mouse/best-deal/4901.aspx
Gamdias ZEUS E2 Optical Gaming Mouse,R259 Including VAT,https://www.evetech.co.za/gamdias-zeus-e2-optical-gaming-mouse/best-deal/4912.aspx
Gamdias ZEUS E3 Optical Gaming Mouse,R259 Including VAT,https://www.evetech.co.za/gamdias-zeus-e3-optical-gaming-mouse/best-deal/9534.aspx
Gamdias ZEUS M2 RGB Optical Gaming Mouse,R449 Including VAT,https://www.evetech.co.za/gamdias-zeus-m2-rgb-optical-gaming-mouse/best-deal/5739.aspx
Gamdias ZEUS P2 RGB Optical Gaming Mouse,R649 Including VAT,https://www.evetech.co.za/gamdias-zeus-p2-rgb-optical-gaming-mouse/best-deal/4902.aspx
Glorious Ascended Cord - Cobalt Blue,R249 Including VAT,https://www.evetech.co.za/glorious-ascended-cord-cobalt-blue/best-deal/7904.aspx
Glorious Ascended Cord - Crimson Red,R249 Including VAT,https://www.evetech.co.za/glorious-ascended-cord-crimson-red/best-deal/7908.aspx
Glorious Ascended Cord - Germlin Green,R249 Including VAT,https://www.evetech.co.za/glorious-ascended-cord-germlin-green/best-deal/7906.aspx
Glorious Ascended Cord - Glorious Gold,R249 Including VAT,https://www.evetech.co.za/glorious-ascended-cord-glorious-gold/best-deal/7905.aspx
Glorious Ascended Cord - Majin Pink,R249 Including VAT,https://www.evetech.co.za/glorious-ascended-cord-majin-pink/best-deal/7907.aspx
Glorious Ascended Cord - Purple Reign,R249 Including VAT,https://www.evetech.co.za/glorious-ascended-cord-purple-reign/best-deal/7909.aspx
Glorious G-Skates Mouse Feet,R139 Including VAT,https://www.evetech.co.za/glorious-g-skates-mouse-feet/best-deal/6686.aspx
Glorious G-Skates Mouse Feet - Model D,R139 Including VAT,https://www.evetech.co.za/glorious-g-skates-mouse-feet-model-d/best-deal/7911.aspx
Glorious Gaming Mouse Wrist Rest - Black,R299 Including VAT,https://www.evetech.co.za/glorious-gaming-mouse-wrist-rest-black/best-deal/9340.aspx
Glorious Model D Ergonomic Mouse - Glossy Black,"R1,049 Including VAT",https://www.evetech.co.za/glorious-model-d-ergonomic-mouse-glossy-black/best-deal/7517.aspx
Glorious Model D Ergonomic Mouse - Glossy White,"R1,049 Including VAT",https://www.evetech.co.za/glorious-model-d-ergonomic-mouse-glossy-white/best-deal/7518.aspx
Glorious Model D Ergonomic Mouse - Matte Black,R899 Including VAT,https://www.evetech.co.za/glorious-model-d-ergonomic-mouse-matte-black/best-deal/7515.aspx
Glorious Model D Ergonomic Mouse - Matte White,"R1,049 Including VAT",https://www.evetech.co.za/glorious-model-d-ergonomic-mouse-matte-white/best-deal/7516.aspx
Glorious Model O Minus Mouse - Glossy Black,R899 Including VAT,https://www.evetech.co.za/glorious-model-o-minus-mouse-glossy-black/best-deal/6713.aspx
Glorious Model O Minus Mouse - Glossy White,R899 Including VAT,https://www.evetech.co.za/glorious-model-o-minus-mouse-glossy-white/best-deal/6714.aspx
Glorious Model O Minus Mouse - Matte Black,R899 Including VAT,https://www.evetech.co.za/glorious-model-o-minus-mouse-matte-black/best-deal/6707.aspx
Glorious Model O Minus Mouse - Matte White,R899 Including VAT,https://www.evetech.co.za/glorious-model-o-minus-mouse-matte-white/best-deal/6712.aspx
Glorious Mouse Bungee - Black,R299 Including VAT,https://www.evetech.co.za/glorious-mouse-bungee-black/best-deal/6684.aspx
Glorious Mouse Bungee - White,R349 Including VAT,https://www.evetech.co.za/glorious-mouse-bungee-white/best-deal/6685.aspx
HP ENVY 500 Rechargeable Wireless Mouse,R649 Including VAT,https://www.evetech.co.za/hp-envy-500-rechargeable-wireless-mouse/best-deal/6797.aspx
HP OMEN Mouse 400 Gaming Mouse - Black,R499 Including VAT,https://www.evetech.co.za/hp-omen-mouse-400-gaming-mouse/best-deal/6799.aspx
HP OMEN Photon Wireless Gaming Mouse,"R1,799 Including VAT",https://www.evetech.co.za/hp-omen-photon-wireless-gaming-mouse/best-deal/9423.aspx
HP OMEN Reactor Gaming Mouse,R999 Including VAT,https://www.evetech.co.za/hp-omen-reactor-gaming-mouse/best-deal/9496.aspx
HP Pavilion Gaming Mouse 200 - Black,R549 Including VAT,https://www.evetech.co.za/hp-pavilion-gaming-mouse-200-black/best-deal/9403.aspx
HP Spectre 500 Bluetooth Mouse - Dark Ash Wood,R749 Including VAT,https://www.evetech.co.za/hp-spectre-500-bluetooth-mouse-dark-ash-wood/best-deal/6801.aspx
HP Spectre 500 Bluetooth Mouse - Pike Silver,R749 Including VAT,https://www.evetech.co.za/hp-spectre-500-bluetooth-mouse-pike-silver/best-deal/6793.aspx
HP Spectre 700 Rechargeable Mouse - Bordeaux Burgundy,R999 Including VAT,https://www.evetech.co.za/hp-spectre-700-rechargeable-mouse-bordeaux-burgundy/best-deal/6788.aspx
HP Spectre 700 Rechargeable Wireless Mouse - Poseidon Blue,R999 Including VAT,https://www.evetech.co.za/hp-spectre-700-rechargeable-wireless-mouse-poseidon-blue/best-deal/6791.aspx
HP Spectre 700 Rechargeable Wireless Mouse - Silver,R999 Including VAT,https://www.evetech.co.za/hp-spectre-700-rechargeable-wireless-mouse-silver/best-deal/9381.aspx
HP X900 Wired Mouse,R149 Including VAT,https://www.evetech.co.za/hp-x900-wired-mouse/best-deal/6851.aspx
HyperX Pulsefire FPS Pro RGB Gaming Mouse,"R1,199 Including VAT",https://www.evetech.co.za/hyperx-pulsefire-fps-pro-rgb-gaming-mouse/best-deal/4773.aspx
HyperX Pulsefire Surge RGB Gaming Mouse,R999 Including VAT,https://www.evetech.co.za/hyperx-pulsefire-surge-rgb-gaming-mouse/best-deal/4774.aspx
Lenovo 300 Wireless Compact Mouse Black,R249 Including VAT,https://www.evetech.co.za/lenovo-300-wireless-compact-mouse-black/best-deal/8014.aspx
Logitech G MX518 Gaming Mouse,R899 Including VAT,https://www.evetech.co.za/logitech-g-mx518-gaming-mouse/best-deal/7088.aspx
Logitech G Pro Gaming Mouse,"R1,299 Including VAT",https://www.evetech.co.za/logitech-g-pro-gaming-mouse/best-deal/8202.aspx
Logitech G Pro Wireless Gaming Mouse,"R2,599 Including VAT",https://www.evetech.co.za/logitech-g-pro-wireless-gaming-mouse/best-deal/8005.aspx
Logitech G305 Wireless Gaming Mouse,R799 Including VAT,https://www.evetech.co.za/logitech-g305-wireless-gaming-mouse/best-deal/8201.aspx
Logitech G402 Hyperion Fury Gaming Mouse,R899 Including VAT,https://www.evetech.co.za/PC-Hardware/logitech-g402-hyperion-fury-gaming-mouse-997.aspx
Logitech G403 HERO Gaming Mouse,"R1,149 Including VAT",https://www.evetech.co.za/logitech-g403-hero-gaming-mouse/best-deal/7089.aspx
Logitech G502 Hero Gaming Mouse,"R1,499 Including VAT",https://www.evetech.co.za/logitech-g502-hero-gaming-mouse/best-deal/5323.aspx
Logitech G502 Wireless Gaming Mouse,"R2,499 Including VAT",https://www.evetech.co.za/logitech-g502-wireless-gaming-mouse/best-deal/7092.aspx
Logitech G604 Lightspeed Wireless Gaming Mouse,"R1,799 Including VAT",https://www.evetech.co.za/logitech-g604-lightspeed-wireless-gaming-mouse/best-deal/8203.aspx
Logitech G703 Wireless Gaming Mouse,"R1,899 Including VAT",https://www.evetech.co.za/logitech-g703-wireless-gaming-mouse/best-deal/7090.aspx
Logitech G903 Wireless Gaming Mouse,"R2,299 Including VAT",https://www.evetech.co.za/logitech-g903-wireless-gaming-mouse/best-deal/4308.aspx
Logitech G903 Wireless Gaming Mouse,"R2,399 Including VAT",https://www.evetech.co.za/logitech-g903-wireless-gaming-mouse/best-deal/7091.aspx
Logitech MX Anywhere 2S Wireless Mouse,"R1,199 Including VAT",https://www.evetech.co.za/logitech-mx-anywhere-2s-wireless-mouse/best-deal/3494.aspx
Logitech MX ERGO Advanced Wireless Trackball,"R1,799 Including VAT",https://www.evetech.co.za/logitech-mx-ergo-advanced-wireless-trackball/best-deal/3489.aspx
Logitech MX Master 2S Wireless Mouse - Graphite,"R1,699 Including VAT",https://www.evetech.co.za/logitech-mx-master-2s-wireless-mouse-graphite/best-deal/3079.aspx
MARVO DWM102 Wireless Mouse - Black,R199 Including VAT,https://www.evetech.co.za/marvo-dwm102-wireless-mouse-black/best-deal/7839.aspx
MARVO DWM102 Wireless Mouse - Purple,R199 Including VAT,https://www.evetech.co.za/marvo-dwm102-wireless-mouse-purple/best-deal/7837.aspx
MARVO G813 RGB Optical Gaming Mouse,R249 Including VAT,https://www.evetech.co.za/marvo-g813-rgb-optical-gaming-mouse/best-deal/6269.aspx
MARVO G909H Optical Gaming Mouse,R199 Including VAT,https://www.evetech.co.za/marvo-g909h-optical-gaming-mouse/best-deal/7311.aspx
MARVO G941 Optical Gaming Mouse,R249 Including VAT,https://www.evetech.co.za/marvo-g941-optical-gaming-mouse/best-deal/9520.aspx
MARVO G945 Optical Gaming Mouse,R449 Including VAT,https://www.evetech.co.za/marvo-g945-optical-gaming-mouse/best-deal/9017.aspx
MARVO G954 RGB Optical Gaming Mouse,R299 Including VAT,https://www.evetech.co.za/marvo-g954-rgb-optical-gaming-mouse/best-deal/5165.aspx
MARVO G958 RGB Optical Gaming Mouse,R429 Including VAT,https://www.evetech.co.za/marvo-g958-rgb-optical-gaming-mouse/best-deal/7833.aspx
MARVO G960 Optical RGB Gaming Mouse,R449 Including VAT,https://www.evetech.co.za/marvo-g960-optical-rgb-gaming-mouse/best-deal/7309.aspx
MARVO G961 Optical Gaming Mouse,R399 Including VAT,https://www.evetech.co.za/marvo-g961-optical-gaming-mouse/best-deal/9521.aspx
MARVO G982 Optical Gaming Mouse,R349 Including VAT,https://www.evetech.co.za/marvo-g982-optical-gaming-mouse/best-deal/5989.aspx
MARVO M112 Optical Gaming Mouse,R149 Including VAT,https://www.evetech.co.za/marvo-m112-optical-gaming-mouse/best-deal/5994.aspx
MARVO M207 Optical Gaming Mouse,R149 Including VAT,https://www.evetech.co.za/marvo-m207-optical-gaming-mouse/best-deal/5993.aspx
MARVO M209 Optical Gaming Mouse,R199 Including VAT,https://www.evetech.co.za/marvo-m209-optical-gaming-mouse/best-deal/7844.aspx
MARVO M315+G1 Gaming Combo,R199 Including VAT,https://www.evetech.co.za/marvo-m315-g1gaming-combo/best-deal/7335.aspx
MARVO M422 Optical Gaming Mouse,R199 Including VAT,https://www.evetech.co.za/marvo-m422-optical-gaming-mouse/best-deal/7306.aspx
MARVO M425G Optical Gaming Mouse,R149 Including VAT,https://www.evetech.co.za/marvo-m425g-optical-gaming-mouse/best-deal/5139.aspx
MARVO M508 Optical Gaming Mouse,R199 Including VAT,https://www.evetech.co.za/marvo-m508-optical-gaming-mouse/best-deal/5167.aspx
MARVO M513 Optical Gaming Mouse,R199 Including VAT,https://www.evetech.co.za/marvo-m513-optical-gaming-mouse/best-deal/7307.aspx
Mad Catz R.A.T. Pro S3 Gaming Mouse - Black,R999 Including VAT,https://www.evetech.co.za/mad-catz-r-a-t-pro-s3-gaming-mouse-black/best-deal/9231.aspx
Mad Catz R.A.T. Pro X3 Gaming Mouse - Black,"R2,699 Including VAT",https://www.evetech.co.za/mad-catz-r-a-t-pro-x3-gaming-mouse-black/best-deal/9232.aspx
Mad Catz R.A.T.1+ Gaming Mouse,R399 Including VAT,https://www.evetech.co.za/mad-catz-rat1-gaming-mouse/best-deal/8048.aspx
Mad Catz R.A.T.2+ Gaming Mouse,R599 Including VAT,https://www.evetech.co.za/mad-catz-rat2-gaming-mouse/best-deal/8049.aspx
Mad Catz R.A.T.4+ Gaming Mouse,R899 Including VAT,https://www.evetech.co.za/mad-catz-rat4-gaming-mouse/best-deal/8050.aspx
Mad Catz R.A.T.8+ Gaming Mouse,"R1,299 Including VAT",https://www.evetech.co.za/mad-catz-rat8-gaming-mouse/best-deal/8052.aspx
Model O Gaming Mouse - Glossy Black,R899 Including VAT,https://www.evetech.co.za/glorious-model-o-gaming-mouse-glossy-black/best-deal/6657.aspx
Model O Gaming Mouse - Glossy White,R899 Including VAT,https://www.evetech.co.za/glorious-model-o-gaming-mouse-glossy-white/best-deal/6659.aspx
Model O Gaming Mouse - Matte Black,R899 Including VAT,https://www.evetech.co.za/glorious-model-o-gaming-mouse-matte-black/best-deal/6656.aspx
Model O Gaming Mouse - Matte White,R899 Including VAT,https://www.evetech.co.za/glorious-model-o-gaming-mouse-matte-white/best-deal/6658.aspx
OMEN by HP Reactor Gaming Mouse,R999 Including VAT,https://www.evetech.co.za/omen-by-hp-reactor-gaming-mouse/best-deal/6798.aspx
REDRAGON Invader 10000DPI RGB Gaming Mouse,R549 Including VAT,https://www.evetech.co.za/redragon-invader-10000dpi-rgb-gaming-mouse/best-deal/6813.aspx
Razer Abyssus Essential Gaming Mouse,R999 Including VAT,https://www.evetech.co.za/razer-abyssus-essential-gaming-mouse/best-deal/4264.aspx
Razer Abyssus V2 Optical Gaming Mouse,R799 Including VAT,https://www.evetech.co.za/razer-abyssus-v2-optical-gaming-mouse/best-deal/2354.aspx
Razer Basilisk Ultimate Wireless Gaming Mouse,"R3,899 Including VAT",https://www.evetech.co.za/razer-basilisk-ultimate-wireless-gaming-mouse/best-deal/7460.aspx
Razer Basilisk V2 Gaming Mouse,"R1,899 Including VAT",https://www.evetech.co.za/razer-basilisk-v2-gaming-mouse/best-deal/8120.aspx
Razer Basilisk X Hyperspeed Wireless Gaming Mouse,"R1,499 Including VAT",https://www.evetech.co.za/razer-basilisk-x-hyperspeed-wireless-gaming-mouse/best-deal/7897.aspx
Razer DeathAdder Elite Chroma Gaming Mouse,"R1,599 Including VAT",https://www.evetech.co.za/razer-deathadder-elite-chroma-gaming-mouse/best-deal/2578.aspx
Razer DeathAdder Essential Gaming Mouse,"R1,099 Including VAT",https://www.evetech.co.za/razer-deathadder-essential-gaming-mouse/best-deal/5553.aspx
Razer DeathAdder V2 Gaming Mouse,"R1,599 Including VAT",https://www.evetech.co.za/razer-deathadder-v2-gaming-mouse/best-deal/7968.aspx
Razer DeathAdder V2 Mini Gaming Mouse,"R1,299 Including VAT",https://www.evetech.co.za/razer-deathadder-v2-mini-gaming-mouse/best-deal/9109.aspx
Razer Mamba Elite Advanced Ergonomic Gaming Mouse,"R1,999 Including VAT",https://www.evetech.co.za/razer-mamba-elite-advanced-ergonomic-gaming-mouse/best-deal/4692.aspx
Razer Mamba Wireless Gaming Mouse,"R1,999 Including VAT",https://www.evetech.co.za/razer-mamba-wireless-gaming-mouse/best-deal/4549.aspx
Razer Naga Trinity Gaming Mouse,"R2,049 Including VAT",https://www.evetech.co.za/razer-naga-trinity-gaming-mouse/best-deal/3630.aspx
Razer Viper Gaming Mouse,"R1,799 Including VAT",https://www.evetech.co.za/razer-viper-gaming-mouse/best-deal/6947.aspx
Razer Viper Mini Ultralight Gaming Mouse,R999 Including VAT,https://www.evetech.co.za/razer-viper-mini-ultralight-gaming-mouse/best-deal/8188.aspx
Razer Viper Ultimate Wireless Gaming Mouse,"R3,299 Including VAT",https://www.evetech.co.za/razer-viper-ultimate-wireless-gaming-mouse/best-deal/7553.aspx
Redragon LONEWOLF2 RGB Optical Gaming Mouse,R799 Including VAT,https://www.evetech.co.za/redragon-lonewolf2-rgb-optical-gaming-mouse/best-deal/7454.aspx
Redragon M607 GRIFFIN RGB Gaming Mouse,R359 Including VAT,https://www.evetech.co.za/redragon-m607-griffin-rgb-gaming-mouse/best-deal/4395.aspx
Redragon M701 Lavawolf 3500 DPI Optical Gaming Mouse,R399 Including VAT,https://www.evetech.co.za/redragon-m701-lavawolf-3500-dpi-optical-gaming-mouse/best-deal/2060.aspx
Redragon M702 PHOENIX 4000 DPI Gaming Mouse,R499 Including VAT,https://www.evetech.co.za/redragon-m702-phoenix-4000-dpi-gaming-mouse/best-deal/2061.aspx
Redragon M715 Dagger RGB Gaming Mouse,R699 Including VAT,https://www.evetech.co.za/redragon-m715-dagger-rgb-gaming-mouse/best-deal/4496.aspx
Redragon M908 IMPACT Gaming Mouse,R599 Including VAT,https://www.evetech.co.za/redragon-m908-impact-gaming-mouse/best-deal/5104.aspx
Redragon Mars Gaming Mouse M906,R499 Including VAT,https://www.evetech.co.za/redragon-mars-gaming-mouse-m906/best-deal/3282.aspx
Redragon SNIPER PRO Wireless Gaming Mouse,R999 Including VAT,https://www.evetech.co.za/redragon-sniper-pro-wireless-gaming-mouse/best-deal/7453.aspx
SteelSeries Rival 3 Gaming Mouse,R999 Including VAT,https://www.evetech.co.za/steelseries-rival-3-gaming-mouse/best-deal/8871.aspx
SteelSeries Rival 310 Gaming Mouse,"R1,299 Including VAT",https://www.evetech.co.za/steelseries-rival-310-gaming-mouse/best-deal/3131.aspx
SteelSeries Rival 310 PUBG Edition Optical Gaming Mouse,"R1,099 Including VAT",https://www.evetech.co.za/steelseries-rival-310-pubg-edition-optical-gaming-mouse/best-deal/4731.aspx
SteelSeries Rival 650 Wireless Gaming Mouse,"R1,999 Including VAT",https://www.evetech.co.za/steelseries-rival-650-wireless-optical-gaming-mouse-black/best-deal/4734.aspx
SteelSeries Sensei 310 Gaming Mouse,"R1,399 Including VAT",https://www.evetech.co.za/steelseries-sensei-310-gaming-mouse/best-deal/3121.aspx
SteelSeries Sensei Ten Gaming Mouse,"R1,299 Including VAT",https://www.evetech.co.za/steelseries-sensei-ten-gaming-mouse/best-deal/7830.aspx
SteelSeries Sensei Ten Neon Rider Gaming Mouse,"R1,599 Including VAT",https://www.evetech.co.za/steelseries-sensei-ten-neon-rider-gaming-mouse/best-deal/8848.aspx
Steelseries Rival 500 Optical Gaming Mouse,"R1,799 Including VAT",https://www.evetech.co.za/steelseries-rival-500-optical-gaming-mouse/best-deal/2267.aspx
Steelseries Rival 600 Optical Gaming Mouse,"R1,449 Including VAT",https://www.evetech.co.za/steelseries-rival-600-optical-gaming-mouse/best-deal/3603.aspx
Steelseries Rival 710 Optical Gaming Mouse,"R1,899 Including VAT",https://www.evetech.co.za/steelseries-rival-710-optical-gaming-mouse/best-deal/4971.aspx
Zowie FK1+ Optical Gaming Mouse,"R1,399 Including VAT",https://www.evetech.co.za/zowie-fk1-ambidextrous-optical-gaming-mouse/best-deal/2239.aspx
Zowie ZA11 Gaming Optical Mouse,"R1,399 Including VAT",https://www.evetech.co.za/zowie-za11-gaming-mouse/best-deal/2240.aspx
Zowie ZA12 Optical Gaming Mouse,"R1,399 Including VAT",https://www.evetech.co.za/zowie-za12-optical-gaming-mouse/best-deal/2241.aspx
"Asus P504 ROG Gladius II Origin 12,000 DPI Aura-Sync Optical Black Wired Gaming Mouse","R1,999.00",Save: R 400!,https://www.wootware.co.za/asus-p504-rog-gladius-ii-origin-12-000-dpi-aura-sync-optical-black-wired-gaming-mouse.html
Asus ROG Gladius II Core 6200 DPI Wired Optical Gaming Mouse,"R1,449.00",Save: R 700!,https://www.wootware.co.za/asus-rog-gladius-ii-core-6200-dpi-wired-optical-gaming-mouse.html
"Cooler Master MM-710-WWOL1 MM710 Matte White 16,000DPI Sensor Gaming Mouse","R2,999.00",Save: R 140!,https://www.wootware.co.za/coolermaster-mm-710-wwol1-mm710-matte-white-16-000dpi-sensor-gaming-mouse.html
Logitech 910-005101 / 910-005102 G603 Lightspeed Wireless Gaming Mouse,R799.00,Save: R 800!,https://www.wootware.co.za/logitech-910-005101-910-005102-g603-lightspeed-wireless-gaming-mouse.html
"Logitech 910-005273 G Pro 16,000DPI Wireless Optical Gaming Mouse","R3,499.00",Save: R 900!,https://www.wootware.co.za/logitech-910-005273-g-pro-16-000dpi-wireless-optical-gaming-mouse.html
Logitech 910-005283 G305 Lightspeed 12000 DPI Wireless Optical Gaming Mouse,"R2,599.00",Save: R 700!,https://www.wootware.co.za/logitech-910-005283-g305-lightspeed-12000-dpi-wireless-optical-gaming-mouse.html
"Logitech 910-005441 G Pro 16,000DPI Wired Optical Gaming Mouse",R999.00,Save: R 620!,https://www.wootware.co.za/logitech-910-005441-g-pro-16-000dpi-wired-optical-gaming-mouse.html
Logitech 910-005471 G502 Hero High Performance Gaming Mouse,"R1,499.00",Save: R 900!,https://www.wootware.co.za/logitech-910-005471-g502-hero-high-performance-gaming-pc-mouse.html
"Logitech 910-005568 G502 Lightspeed RGB 16,000 DPI Optical Wireless Gaming Mouse","R2,399.00",Save: R 500!,https://www.wootware.co.za/logitech-910-005568-g502-lightspeed-rgb-16-000-dpi-optical-wireless-gaming-mouse.html
"Logitech 910-005650 G604 Lightspeed 16,000 DPI Optical Wireless Gaming Mouse","R1,599.00",Save: R 400!,https://www.wootware.co.za/logitech-910-005650-g604-lightspeed-16-000-dpi-optical-wireless-gaming-mouse.html
"Razer RZ01-03050100-R3G1 Viper Ultimate 20,000 DPI Chroma RGB Ambidextrous Wireless Gaming Mouse","R2,499.00",Save: R 500!,https://www.wootware.co.za/razer-rz01-03050100-r3g1-viper-ultimate-20-000-dpi-chroma-rgb-ambidextrous-wireless-gaming-mouse.html
"SteelSeries 62527 Sensei Ten RGB 18,000CPI Wired TrueMove Pro Optical Sensor Gaming Mouse","R1,499.00",Save: R 300!,https://www.wootware.co.za/steelseries-62527-sensei-ten-rgb-18-000cpi-wired-truemove-pro-optical-sensor-gaming-mouse.html
SteelSeries Rival 3 Optical Sensor RGB Gaming Mouse,"R1,299.00",Save: R 500!,https://www.wootware.co.za/steelseries-rival-3-optical-sensor-rgb-gaming-mouse.html
SteelSeries Rival 600 Dual Optical Sensor RGB Gaming Mouse,"R1,799.00",Save: R 350!,https://www.wootware.co.za/steelseries-rival-600-dual-optical-sensor-rgb-gaming-mouse.html
SteelSeries Rival 650 Wireless Dual Optical Sensor RGB Gaming Mouse,"R1,799.00",Save: R 600!,https://www.wootware.co.za/steelseries-rival-650-wireless-gaming-pc-mouse.html
